name,number,area,price,mean_prc,lon,lat,location
东城 - 兴隆都市馨园,1,74.0,4400.0,59.0,116.414045,39.895317999999996,东城
东城 - 安外大街3号院,1,50.0,3200.0,64.0,116.40669399999999,39.961701,东城
东城 - 幸福家园,1,57.0,3600.0,63.0,116.430484,39.892307,东城
东城 - 忠实里小区,1,68.0,4700.0,69.0,116.445803,39.897931,东城
东城 - 新奥洋房,1,56.0,3400.0,60.0,116.409396,39.864101,东城
东城 - 新源西里东街,1,60.0,3400.0,56.0,116.446793,39.948361,东城
东城 - 景泰东里,1,55.0,3500.0,63.0,116.414873,39.864504,东城
东城 - 本家润园,1,65.0,4500.0,69.0,116.43679399999999,39.896596,东城
东城 - 民主北街小区,1,66.0,4400.0,66.0,116.402299,39.867137,东城
东城 - 永定门内西街北里,1,70.0,4800.0,68.0,116.399123,39.876629,东城
东城 - 沙滩北街小区,1,50.0,2900.0,58.0,116.40381000000001,39.926697999999995,东城
东城 - 管村26号院,1,69.0,4800.0,69.0,116.39548,39.861831,东城
东城 - 绿景苑,3,64.66666666666667,4200.0,65.0,116.438224,39.888702,东城
东城 - 花市枣苑,1,70.0,4700.0,67.0,116.42941599999999,39.896392,东城
东城 - 都市馨园,1,74.0,4100.0,55.0,116.414045,39.895317999999996,东城
东城 - 金桥国际公寓,1,70.0,4800.0,68.0,116.44198,39.896102,东城
东城 - 长青园,1,55.0,3800.0,69.0,116.427272,39.876645,东城
东城 - 鼓楼东大街小区,1,25.0,1500.0,60.0,116.40285,39.940942,东城
东城 - 龙潭西里,1,71.0,4500.0,63.0,116.42708300000001,39.879753,东城
丰台 - 七里庄路,2,67.5,4300.0,63.5,116.289749,39.859028,丰台
丰台 - 万年花城一期,3,75.0,4600.0,61.0,116.321598,39.843846,丰台
丰台 - 万恒家园,1,75.0,4000.0,53.0,116.24943999999999,39.865,丰台
丰台 - 万柳园小区,1,60.0,3800.0,63.0,116.335311,39.850588,丰台
丰台 - 万泉寺南里,1,55.0,3200.0,58.0,116.34078999999998,39.859946,丰台
丰台 - 万源东里,1,70.0,4000.0,57.0,116.427647,39.800674,丰台
丰台 - 三星庄园,1,40.0,2200.0,55.0,116.38386899999999,39.834909,丰台
丰台 - 三环新城,3,72.33333333333333,4433.333333333333,61.0,116.305931,39.851339,丰台
丰台 - 世嘉丽晶,1,50.0,3200.0,64.0,116.398758,39.817964,丰台
丰台 - 东亚三环中心,1,51.0,3500.0,68.0,116.37176699999999,39.837021,丰台
丰台 - 东大街35号院,1,70.0,4000.0,57.0,116.29335400000001,39.855794,丰台
丰台 - 东大街6号院,1,70.0,4300.0,61.0,116.298382,39.862883000000004,丰台
丰台 - 东大街东里,5,66.0,4240.0,64.2,116.295647,39.865352,丰台
丰台 - 东大街小区,2,55.0,3400.0,62.5,116.294821,39.856474,丰台
丰台 - 东大街西里,4,68.75,4300.0,62.25,116.29225,39.861644,丰台
丰台 - 东木樨园,1,25.0,1650.0,66.0,116.404251,39.85729600000001,丰台
丰台 - 东营里,1,65.0,4300.0,66.0,116.29563700000001,39.855738,丰台
丰台 - 东营里1号院,1,70.0,4300.0,61.0,116.29991499999998,39.855852,丰台
丰台 - 东营里2号院,1,55.0,3500.0,63.0,116.29980800000001,39.855269,丰台
丰台 - 东营里3号院,1,70.0,4100.0,58.0,116.29838400000001,39.855916,丰台
丰台 - 东营里5号院,5,69.6,4120.0,59.0,116.296118,39.855849,丰台
丰台 - 东高地社区,1,50.0,3400.0,68.0,116.42081,39.807325,丰台
丰台 - 丰泽居,2,55.5,3500.0,62.5,116.29086299999999,39.835305,丰台
丰台 - 丰益城市花园,2,65.0,4100.0,62.5,116.310767,39.859206,丰台
丰台 - 丰益花园,2,71.5,4500.0,62.5,116.31284199999999,39.861019,丰台
丰台 - 丰管路56号院,1,75.0,4800.0,64.0,116.29773,39.85694,丰台
丰台 - 丰西北里,2,57.5,3300.0,58.5,116.25263899999999,39.838002,丰台
丰台 - 丽泽景园,21,66.0952380952381,4528.571428571428,68.14285714285714,116.30659699999995,39.864549000000004,丰台
丰台 - 云岗北区,1,60.0,3500.0,58.0,116.16563700000002,39.81498,丰台
丰台 - 云岗南区,1,45.0,2500.0,55.0,116.157379,39.808167,丰台
丰台 - 保温段小区,1,62.0,3500.0,56.0,116.27923700000001,39.833753,丰台
丰台 - 兆丰园,1,60.0,3500.0,58.0,116.24918400000001,39.89093,丰台
丰台 - 兆丰园三区,1,60.0,3800.0,63.0,116.24892,39.891005,丰台
丰台 - 公园懿府,6,63.0,4033.3333333333335,64.0,116.37069199999998,39.790874,丰台
丰台 - 六里桥10号院,8,61.25,3825.0,62.125,116.30364599999999,39.882808000000004,丰台
丰台 - 六里桥3号院,1,65.0,4300.0,66.0,116.306178,39.884283,丰台
丰台 - 六里桥7号院,1,76.0,4100.0,53.0,116.30493,39.884384000000004,丰台
丰台 - 六里桥北里,2,65.5,4150.0,63.0,116.31006599999999,39.890285,丰台
丰台 - 前泥洼,13,66.92307692307692,4053.846153846154,60.46153846153846,116.304034,39.857846,丰台
丰台 - 北大地一里,3,70.0,4066.6666666666665,58.0,116.28207100000002,39.853327,丰台
丰台 - 北大地二里,2,70.0,4000.0,56.5,116.284729,39.855453999999995,丰台
丰台 - 北大街南里小区,1,70.0,4100.0,58.0,116.28778500000001,39.858185,丰台
丰台 - 华富丽苑,3,72.0,4366.666666666667,60.333333333333336,116.25175700000001,39.89053,丰台
丰台 - 南三环中路小区,1,21.0,1300.0,61.0,116.41533799999999,39.857504,丰台
丰台 - 南华小区,1,70.0,4700.0,67.0,116.377746,39.838949,丰台
丰台 - 南大元300号院,1,68.0,4200.0,61.0,116.31128500000001,39.84503,丰台
丰台 - 南庭新苑,11,60.36363636363637,3881.818181818182,63.90909090909091,116.36742899999999,39.803047,丰台
丰台 - 南开西里,1,55.0,3600.0,65.0,116.280358,39.841007,丰台
丰台 - 南苑北里,1,68.0,4000.0,58.0,116.40123,39.807354,丰台
丰台 - 南顶村,1,65.0,4000.0,61.0,116.408469,39.842533,丰台
丰台 - 合顺家园,1,65.0,4000.0,61.0,116.373576,39.809402,丰台
丰台 - 同盛里小区,2,70.0,4400.0,63.0,116.290726,39.85024,丰台
丰台 - 周庄子二期,3,65.0,4500.0,69.0,116.2889,39.869298,丰台
丰台 - 和义东里,2,61.5,3800.0,61.5,116.40603899999999,39.814258,丰台
丰台 - 嘉园二里,6,67.33333333333333,4116.666666666667,60.833333333333336,116.367677,39.848633,丰台
丰台 - 四合欣园,1,58.0,3900.0,67.0,116.309702,39.824314,丰台
丰台 - 园博派,1,51.0,3000.0,58.0,116.187542,39.860326,丰台
丰台 - 城南嘉园,1,60.0,4000.0,66.0,116.36821200000001,39.834979,丰台
丰台 - 城市印象,1,30.0,1800.0,60.0,116.41560600000001,39.858152000000004,丰台
丰台 - 城市时尚家园,1,28.0,1800.0,64.0,116.40983,39.842953,丰台
丰台 - 大成路24号院,1,60.0,4000.0,66.0,116.255645,39.888847999999996,丰台
丰台 - 大红门南里,1,60.0,4100.0,68.0,116.402612,39.834889000000004,丰台
丰台 - 宝丰大厦,1,75.0,4500.0,60.0,116.297417,39.842088000000004,丰台
丰台 - 宝隆公寓,1,62.0,4300.0,69.0,116.294335,39.831891,丰台
丰台 - 富丰园,3,65.66666666666667,4300.0,65.0,116.28276999999999,39.837041,丰台
丰台 - 富卓苑,4,74.5,4400.0,59.0,116.37510900000001,39.837379999999996,丰台
丰台 - 广安康馨家园,2,69.5,3850.0,54.5,116.229968,39.875581,丰台
丰台 - 康庄东路19号院,1,73.0,4800.0,65.0,116.309404,39.843301000000004,丰台
丰台 - 建国街二里,1,70.0,4300.0,61.0,116.292731,39.846537,丰台
丰台 - 建欣苑三里,1,73.0,5000.0,68.0,116.398117,39.83995,丰台
丰台 - 建欣苑四里,2,72.0,4700.0,64.5,116.39600700000001,39.839408,丰台
丰台 - 开阳里小区,1,75.0,5000.0,66.0,116.367455,39.865775,丰台
丰台 - 德鑫家园,1,68.0,3800.0,55.0,116.373297,39.81658,丰台
丰台 - 怡和世家,5,64.4,4200.0,64.8,116.42417900000001,39.837577,丰台
丰台 - 慧时欣园,2,73.0,4900.0,66.5,116.412595,39.847002,丰台
丰台 - 慧时欣园一期,2,73.0,4700.0,64.0,116.41443799999999,39.848075,丰台
丰台 - 政馨园,6,42.333333333333336,2833.3333333333335,65.33333333333333,116.431684,39.845338,丰台
丰台 - 政馨家园,4,29.75,1900.0,63.5,116.425449,39.851461,丰台
丰台 - 新华街七里,3,69.0,4500.0,65.0,116.286684,39.842678,丰台
丰台 - 新华街六里,2,66.0,4200.0,63.5,116.28902099999999,39.841998,丰台
丰台 - 新宫家园,3,63.333333333333336,3833.3333333333335,60.333333333333336,116.36304299999999,39.813902,丰台
丰台 - 新开路住宅小区,1,70.0,4300.0,61.0,116.28199099999999,39.843816,丰台
丰台 - 新村三里,4,67.0,4200.0,62.25,116.310093,39.842307,丰台
丰台 - 新村二里,1,70.0,4300.0,61.0,116.3068,39.841722,丰台
丰台 - 新村四里,1,65.0,4300.0,66.0,116.309385,39.839255,丰台
丰台 - 方安苑,1,58.0,4000.0,68.0,116.437734,39.856984000000004,丰台
丰台 - 方庄南路18号院,3,23.666666666666668,1583.3333333333333,65.33333333333333,116.44103,39.851309,丰台
丰台 - 旭日嘉园,2,56.0,3600.0,63.5,116.369229,39.845281,丰台
丰台 - 晨欣园,1,77.0,5300.0,68.0,116.373865,39.846638,丰台
丰台 - 晶城秀府,2,72.5,4750.0,65.0,116.440882,39.847122999999996,丰台
丰台 - 望园东里,2,65.0,4500.0,69.0,116.29142399999999,39.867774,丰台
丰台 - 望园小区,2,67.5,4650.0,68.5,116.292001,39.868004,丰台
丰台 - 望园西里,1,65.0,4300.0,66.0,116.285559,39.867525,丰台
丰台 - 杜家坎小区,2,57.5,3250.0,56.0,116.20220400000001,39.840309999999995,丰台
丰台 - 横七条11号院,1,75.0,4600.0,61.0,116.423406,39.853519,丰台
丰台 - 欣园铁路小区,3,60.666666666666664,3900.0,63.666666666666664,116.33108500000002,39.874082,丰台
丰台 - 欣葆家园,1,55.0,3800.0,69.0,116.287512,39.803447,丰台
丰台 - 正邦嘉园一期,3,20.0,1333.3333333333333,66.0,116.424202,39.854877,丰台
丰台 - 正邦嘉园二期,1,60.0,4000.0,66.0,116.42430700000001,39.854791,丰台
丰台 - 正阳北里,1,65.0,4200.0,64.0,116.288104,39.849959999999996,丰台
丰台 - 正阳小区,5,72.0,4240.0,59.0,116.286267,39.849940999999994,丰台
丰台 - 永外果园,2,65.0,4150.0,63.0,116.400681,39.848194,丰台
丰台 - 泥洼路5号院,3,60.0,3700.0,61.333333333333336,116.298547,39.864283,丰台
丰台 - 泥洼路6号院,2,70.0,4500.0,64.0,116.30138400000001,39.863734,丰台
丰台 - 洋桥东里小区,1,70.0,4000.0,57.0,116.384247,39.858641999999996,丰台
丰台 - 洋桥西里,1,65.0,4200.0,64.0,116.38071000000001,39.858548,丰台
丰台 - 海户西里,1,50.0,3200.0,64.0,116.388254,39.854965,丰台
丰台 - 游泳场北路,1,70.0,4200.0,60.0,116.293922,39.855545,丰台
丰台 - 玉林里小区,1,65.0,4500.0,69.0,116.358347,39.866516,丰台
丰台 - 玺萌丽苑,1,50.0,3300.0,66.0,116.36363999999999,39.849799,丰台
丰台 - 玺萌鹏苑,2,67.5,3999.5,59.0,116.362546,39.851619,丰台
丰台 - 益丰园,1,72.0,4400.0,61.0,116.416296,39.809556,丰台
丰台 - 石榴园北里,5,60.2,4000.0,66.2,116.41789399999998,39.847878,丰台
丰台 - 石榴园南里,3,66.0,4266.666666666667,64.33333333333333,116.418167,39.844009,丰台
丰台 - 石榴庄,1,65.0,4000.0,61.0,116.414103,39.845905,丰台
丰台 - 石榴庄小区,1,65.0,4000.0,61.0,116.42621100000001,39.841829,丰台
丰台 - 福海棠华苑,2,62.5,4300.0,68.5,116.384479,39.833312,丰台
丰台 - 福顺里小区,1,65.0,4100.0,63.0,116.280653,39.846897,丰台
丰台 - 第七街区,1,58.0,4000.0,68.0,116.278589,39.88231,丰台
丰台 - 红狮家园,5,29.2,1780.0,62.8,116.42887799999998,39.848453000000006,丰台
丰台 - 翠海明苑,2,58.0,3400.0,58.0,116.36020400000001,39.809664,丰台
丰台 - 育仁里,2,67.0,4350.0,64.5,116.309978,39.827641,丰台
丰台 - 育芳园,5,70.8,4640.0,65.0,116.318549,39.849893,丰台
丰台 - 芳古园一区,2,75.5,5150.0,68.0,116.42441200000002,39.868713,丰台
丰台 - 芳城园三区,1,75.0,5000.0,66.0,116.436471,39.867204,丰台
丰台 - 芳星园三区,1,70.0,4800.0,68.0,116.435281,39.860482,丰台
丰台 - 芳泽园,1,55.0,3800.0,69.0,116.436222,39.853755,丰台
丰台 - 芳群园,1,76.0,5200.0,68.0,116.42688799999999,39.860406,丰台
丰台 - 芳群园一区,1,59.0,4000.0,67.0,116.42480800000001,39.864033,丰台
丰台 - 芳群园二区,3,68.33333333333333,4433.333333333333,64.33333333333333,116.42815900000001,39.865571,丰台
丰台 - 苗圃东里,1,65.0,4200.0,64.0,116.402399,39.844435,丰台
丰台 - 草桥欣园四区,1,70.0,3600.0,51.0,116.35216299999999,39.842662,丰台
丰台 - 莲怡园一区,3,68.33333333333333,4100.0,60.0,116.30114299999998,39.885698,丰台
丰台 - 葛村西里,2,61.5,4050.0,65.5,116.308062,39.847017,丰台
丰台 - 蒲安里小区,2,62.5,4150.0,66.5,116.417864,39.862246,丰台
丰台 - 蒲黄榆路,1,69.0,4600.0,66.0,116.421598,39.863586,丰台
丰台 - 西四环南路32号院,1,65.0,3800.0,58.0,116.28076200000001,39.871256,丰台
丰台 - 西宏苑,2,72.5,4100.0,56.5,116.379912,39.800139,丰台
丰台 - 西局欣园,1,70.0,4700.0,67.0,116.29698400000001,39.868453,丰台
丰台 - 西局玉园,8,66.75,4387.5,65.375,116.30154800000001,39.86991799999999,丰台
丰台 - 西幸福街,2,67.5,4300.0,63.5,116.282549,39.851468,丰台
丰台 - 西洼地社区,2,54.0,3300.0,61.0,116.407027,39.806412,丰台
丰台 - 西罗园三区,1,75.0,5000.0,66.0,116.388871,39.859406,丰台
丰台 - 西罗园四区,1,70.0,4800.0,68.0,116.38983,39.862451,丰台
丰台 - 西马小区,1,74.0,5000.0,67.0,116.38228500000001,39.840835999999996,丰台
丰台 - 西马金润家园,4,67.25,3950.0,59.0,116.381752,39.83951500000001,丰台
丰台 - 角门13号院,2,54.5,3600.0,66.0,116.375289,39.841753999999995,丰台
丰台 - 角门16号院,2,75.0,5000.0,66.0,116.37718600000001,39.837408,丰台
丰台 - 角门东里,8,71.875,4575.0,63.125,116.38461600000002,39.847858,丰台
丰台 - 设计师广场,1,56.0,3700.0,66.0,116.284578,39.837576,丰台
丰台 - 诚苑中里,1,55.0,3000.0,54.0,116.373398,39.805616,丰台
丰台 - 赵公口小区,1,69.0,4500.0,65.0,116.41313600000001,39.855458,丰台
丰台 - 造甲南里,2,65.0,4000.0,61.5,116.29807199999999,39.841570000000004,丰台
丰台 - 金丰园,1,59.0,4000.0,67.0,116.31573999999999,39.850421000000004,丰台
丰台 - 金都苑,1,60.0,3500.0,58.0,116.332508,39.86537,丰台
丰台 - 鑫兆雅园,3,46.0,2833.3333333333335,59.333333333333336,116.427554,39.844075,丰台
丰台 - 银地家园,1,70.0,4500.0,64.0,116.33314399999999,39.822204,丰台
丰台 - 锦苑B区,2,63.0,3800.0,60.0,116.41538899999999,39.817734,丰台
丰台 - 长安新城,1,56.0,3800.0,67.0,116.264374,39.885193,丰台
丰台 - 长安新城一区,1,56.0,3800.0,67.0,116.259125,39.887527,丰台
丰台 - 阅园,1,52.0,3500.0,67.0,116.281718,39.882625,丰台
丰台 - 青塔东里,1,76.0,4500.0,59.0,116.27055800000001,39.89492,丰台
丰台 - 青塔南里,3,71.66666666666667,4766.666666666667,66.0,116.265115,39.893514,丰台
丰台 - 青塔春园,2,68.5,4300.0,62.0,116.255817,39.890519,丰台
丰台 - 青塔秀园,2,61.5,3900.0,63.0,116.26267,39.891115,丰台
丰台 - 青塔蔚园,4,72.0,4425.0,61.25,116.26243999999998,39.894146,丰台
丰台 - 青塔西里4号院,1,75.0,4500.0,60.0,116.26710800000001,39.895127,丰台
丰台 - 靛厂锦园,1,65.0,4500.0,69.0,116.27921599999999,39.88786500000001,丰台
丰台 - 韩庄子三里,1,65.0,4500.0,69.0,116.29111499999999,39.837856,丰台
丰台 - 韩庄子二里,2,67.5,3950.0,58.0,116.288569,39.837178,丰台
丰台 - 韩庄子西里,8,70.5,4612.5,65.125,116.28992700000002,39.83954,丰台
丰台 - 顶秀欣园东苑,4,30.5,2012.5,65.0,116.42975700000001,39.837633000000004,丰台
丰台 - 顶秀金瑞家园,1,25.0,1700.0,68.0,116.431975,39.840035,丰台
丰台 - 顶秀金石家园,3,51.666666666666664,3200.0,61.666666666666664,116.43114399999997,39.836355,丰台
丰台 - 顶秀金颐家园,1,68.0,4500.0,66.0,116.431973,39.841478,丰台
丰台 - 马家堡西里,8,68.25,4175.0,61.25,116.37416800000003,39.852835,丰台
丰台 - 鸿业兴园,1,70.0,4600.0,65.0,116.308582,39.836778,丰台
北京周边 - 鼎晟国际,1,56.0,3700.0,66.0,116.64946299999998,39.9066,北京周边
大兴 - 上海沙龙,4,54.0,3625.0,66.75,116.497854,39.789162,大兴
大兴 - 世嘉博苑,2,60.0,4000.0,66.0,116.32682199999999,39.791878999999994,大兴
大兴 - 中信新城,2,72.0,4150.0,57.5,116.48227299999999,39.782817,大兴
大兴 - 中冶德贤公馆,1,70.0,4499.0,64.0,116.42926399999999,39.820031,大兴
大兴 - 云龙家园,4,67.5,4275.0,63.0,116.43436200000001,39.807634,大兴
大兴 - 众美MIMO公馆,5,31.0,1780.0,57.0,116.32271999999998,39.630796000000004,大兴
大兴 - 住总万科橙,1,76.0,4200.0,55.0,116.323757,39.68988,大兴
大兴 - 佟家园,1,50.0,2700.0,54.0,116.32013,39.72498,大兴
大兴 - 保利春天派,2,53.5,3000.0,55.5,116.32196299999998,39.672534999999996,大兴
大兴 - 兴华家园,1,53.0,3000.0,56.0,116.331997,39.728885999999996,大兴
大兴 - 兴海家园,1,65.0,4000.0,61.0,116.331595,39.792473,大兴
大兴 - 兴海家园月苑,4,67.0,4175.0,62.0,116.336643,39.79347,大兴
大兴 - 兴盛街189号院,1,65.0,3500.0,53.0,116.316387,39.751321000000004,大兴
大兴 - 南海家园,4,53.75,3300.0,61.75,116.49273600000001,39.760228999999995,大兴
大兴 - 听涛雅苑,1,60.0,3800.0,63.0,116.49098700000002,39.798085,大兴
大兴 - 国锐金嵿,2,73.0,4750.0,64.5,116.509128,39.790259000000006,大兴
大兴 - 城乡世纪广场莫尔空间,1,64.0,3800.0,59.0,116.53295800000001,39.801299,大兴
大兴 - 大城小镇,1,60.0,3500.0,58.0,116.432907,39.815806,大兴
大兴 - 大雄城市花园一幅画卷,1,66.0,4100.0,62.0,116.493043,39.801817,大兴
大兴 - 大雄城市花园春华屋,1,66.0,4100.0,62.0,116.494376,39.801341,大兴
大兴 - 天宝家园,1,70.0,4200.0,60.0,116.48924299999999,39.790548,大兴
大兴 - 好景国际,2,45.5,2750.0,60.0,116.500299,39.772537,大兴
大兴 - 宣颐家园,1,65.0,4400.0,67.0,116.452499,39.811552,大兴
大兴 - 庑殿家苑,4,58.0,3725.0,64.0,116.43301100000001,39.820018,大兴
大兴 - 康盛园,2,64.0,3500.0,54.0,116.315008,39.761684,大兴
大兴 - 德茂小区,5,65.6,3700.0,56.4,116.434315,39.781428999999996,大兴
大兴 - 旧宫新苑北区,1,65.0,3500.0,53.0,116.45255700000001,39.803715000000004,大兴
大兴 - 旧宫新苑南区,1,65.0,3700.0,56.0,116.45485500000001,39.798798,大兴
大兴 - 明悦湾,1,70.0,3600.0,51.0,116.42230500000001,39.785163,大兴
大兴 - 易居国际公寓,1,64.0,4000.0,62.0,116.49975800000001,39.804193,大兴
大兴 - 林肯公园,4,65.5,4350.0,65.75,116.49386399999999,39.807721,大兴
大兴 - 枣园尚城,1,65.0,3600.0,55.0,116.327269,39.75503,大兴
大兴 - 水晶之星,1,61.0,3500.0,57.0,116.34016799999999,39.757805,大兴
大兴 - 泰中花园,1,70.0,4000.0,57.0,116.34646000000001,39.761275,大兴
大兴 - 清和园,2,75.0,4750.0,63.0,116.43379499999999,39.805738,大兴
大兴 - 清欣园,2,71.0,4250.0,59.5,116.44106699999999,39.807124,大兴
大兴 - 清逸园,4,65.25,3875.0,59.5,116.44724599999999,39.803883,大兴
大兴 - 清逸西园,1,75.0,4700.0,62.0,116.44271699999999,39.803236,大兴
大兴 - 滨河东里,1,60.0,3200.0,53.0,116.342003,39.752807000000004,大兴
大兴 - 滨河西里,2,72.0,4050.0,55.5,116.339405,39.749432,大兴
大兴 - 滨河西里北区,1,60.0,3800.0,63.0,116.338823,39.754475,大兴
大兴 - 珺悦国际,2,78.0,4150.0,52.5,116.313375,39.686313,大兴
大兴 - 红华小区,1,50.0,2800.0,56.0,116.49153799999999,39.80415900000001,大兴
大兴 - 红星北里,1,55.0,3400.0,61.0,116.42602099999999,39.808336,大兴
大兴 - 绿林苑,1,70.0,3600.0,51.0,116.366119,39.795947,大兴
大兴 - 美然绿色家园,1,65.0,4200.0,64.0,116.45396799999999,39.801613,大兴
大兴 - 荣京丽都,1,72.0,4100.0,56.0,116.511334,39.794439000000004,大兴
大兴 - 车站北里,2,60.0,3650.0,60.5,116.33434,39.7259,大兴
大兴 - 郁花园三里,1,48.0,3300.0,68.0,116.333083,39.771332,大兴
大兴 - 金融街融汇,6,56.5,3300.0,58.333333333333336,116.32287099999998,39.676828,大兴
大兴 - 锋创科技园,1,65.0,3500.0,53.0,116.56773999999999,39.782134,大兴
大兴 - 首邑上城,1,65.0,4000.0,61.0,116.334313,39.756906,大兴
大兴 - 鸿坤理想城,3,60.0,3566.6666666666665,58.666666666666664,116.341921,39.793908,大兴
大兴 - 鹿鸣苑,1,52.0,3300.0,63.0,116.50008000000001,39.799834000000004,大兴
大兴 - 黄村西里,1,55.0,3300.0,60.0,116.335366,39.733955,大兴
房山 - 中国铁建原香小镇,1,20.0,1200.0,60.0,115.971226,39.715284999999994,房山
房山 - 五和万科长阳天地,1,50.0,2600.0,52.0,116.188348,39.769690000000004,房山
房山 - 加州水郡,2,35.0,2000.0,57.0,116.172055,39.766895,房山
房山 - 北关东路,1,50.0,2600.0,52.0,116.1433,39.735966999999995,房山
房山 - 旭辉E天地公寓,7,41.142857142857146,2285.714285714286,55.285714285714285,116.169757,39.72285299999999,房山
房山 - 明源南里,1,66.0,4000.0,60.0,116.157486,39.747547999999995,房山
房山 - 曦城国际,1,40.0,2300.0,57.0,116.124998,39.722667,房山
房山 - 熙悦山,5,53.8,3120.0,58.0,116.21586099999999,39.768984,房山
房山 - 绿地新都会国际花都,1,36.0,2500.0,69.0,116.16405800000001,39.754217,房山
房山 - 芭蕾雨悦都,2,70.0,4100.0,58.5,116.18307,39.76296,房山
房山 - 西潞园一里,1,39.0,2000.0,51.0,116.130424,39.733346000000004,房山
房山 - 西潞园小区,1,40.0,2400.0,60.0,116.131929,39.734226,房山
房山 - 长阳光和作用,1,55.0,2900.0,52.0,116.221704,39.777371,房山
房山 - 长阳半岛,8,49.25,2812.5,56.0,116.20684500000002,39.762155,房山
房山 - 首开熙悦双子座,5,54.6,3160.0,57.6,116.21451599999997,39.76296,房山
房山 - 首开熙悦山,4,65.0,3425.0,52.25,116.216264,39.76286500000001,房山
房山 - 首开熙悦睿府书香,3,44.666666666666664,2433.3333333333335,54.333333333333336,116.16995100000001,39.724663,房山
房山 - 鸿顺园东区,1,37.0,2400.0,64.0,116.158796,39.721565999999996,房山
昌平 - SOCO公社公寓,1,65.0,4300.0,66.0,116.36223000000001,40.0669,昌平
昌平 - 万润家园,1,69.0,4800.0,69.0,116.326053,40.066340000000004,昌平
昌平 - 东二旗新村,1,65.0,3500.0,53.0,116.432043,40.11632700000001,昌平
昌平 - 东亚奥北南区,1,55.0,3700.0,67.0,116.41163200000001,40.05457,昌平
昌平 - 二拨子新村,1,15.0,1000.0,66.0,116.29351000000001,40.07784,昌平
昌平 - 佰嘉城,2,18.0,1200.0,66.0,116.31183999999999,40.08265,昌平
昌平 - 保利罗兰香谷,4,60.5,3525.0,58.5,116.26753300000001,40.117160999999996,昌平
昌平 - 兆丰家园,2,55.0,3050.0,55.0,116.28215300000001,40.151094,昌平
昌平 - 公园两栋,1,67.0,3700.0,55.0,116.412323,40.060234,昌平
昌平 - 兴昌佳苑,1,60.0,3500.0,58.0,116.27653799999999,40.202197,昌平
昌平 - 冠芳园,1,22.0,1200.0,54.0,116.305733,40.113347,昌平
昌平 - 北七佳园,2,60.0,3300.0,55.0,116.449221,40.10183,昌平
昌平 - 北京北,1,55.0,3800.0,69.0,116.40726699999999,40.056289,昌平
昌平 - 北京城建·畅悦居,1,23.0,1300.0,56.0,116.35828300000001,40.101815,昌平
昌平 - 北优soho,1,55.0,3500.0,63.0,116.291055,40.153555,昌平
昌平 - 北方明珠大厦,3,62.333333333333336,4033.3333333333335,64.33333333333333,116.415116,40.057231,昌平
昌平 - 北街家园六区,1,29.0,1800.0,62.0,116.25911699999999,40.158764,昌平
昌平 - 华龙苑中里,2,70.0,4650.0,66.0,116.369551,40.078382,昌平
昌平 - 南环里,1,40.0,2100.0,52.0,116.23638899999999,40.213817999999996,昌平
昌平 - 合立方,1,65.0,4450.0,68.0,116.41027,40.057145,昌平
昌平 - 名佳花园一区,1,74.0,4200.0,56.0,116.422207,40.104942,昌平
昌平 - 名佳花园三区,2,66.5,3550.0,52.5,116.418632,40.106372,昌平
昌平 - 名流花园,1,75.0,4000.0,53.0,116.43051899999999,40.10198,昌平
昌平 - 回龙观史各庄,1,78.0,4000.0,51.0,116.29165400000001,40.10303,昌平
昌平 - 国仕汇,2,76.5,4475.0,58.0,116.31402800000001,40.080141,昌平
昌平 - 天巢园,1,66.0,4500.0,68.0,116.32430500000001,40.057367,昌平
昌平 - 天成苑,1,40.0,2300.0,57.0,116.23239,40.228729,昌平
昌平 - 天通苑东三区,1,30.0,1800.0,60.0,116.439411,40.072523,昌平
昌平 - 天通苑东二区,2,30.0,1700.0,56.5,116.44043799999999,40.068261,昌平
昌平 - 天通苑北一区,2,34.0,1950.0,56.5,116.41771299999999,40.076687,昌平
昌平 - 天通苑北三区,6,38.833333333333336,2383.3333333333335,62.166666666666664,116.43314399999998,40.076888000000004,昌平
昌平 - 天通苑北二区,1,17.0,1000.0,58.0,116.42499299999999,40.076844,昌平
昌平 - 天通苑本一区,1,20.0,1200.0,60.0,116.419385,40.063277,昌平
昌平 - 天通苑本三区,1,67.0,4500.0,67.0,116.419789,40.060125,昌平
昌平 - 天通苑本五区,1,18.0,1000.0,55.0,116.41518799999999,40.065107,昌平
昌平 - 天通苑西一区,2,28.0,1750.0,62.5,116.407944,40.067343,昌平
昌平 - 天通苑西三区,1,15.0,900.0,60.0,116.409424,40.077062,昌平
昌平 - 天通苑西二区,5,38.0,2440.0,61.6,116.40975700000001,40.072539,昌平
昌平 - 尚城,1,78.0,4000.0,51.0,116.294251,40.10435,昌平
昌平 - 巩华家园,6,54.0,2883.3333333333335,52.666666666666664,116.284871,40.145552,昌平
昌平 - 新龙城,1,15.0,1000.0,66.0,116.32326100000002,40.069169,昌平
昌平 - 朱辛庄新村,3,20.0,1196.0,59.333333333333336,116.30960699999999,40.098555,昌平
昌平 - 朱辛庄新村北区,1,15.0,1000.0,66.0,116.309607,40.098555,昌平
昌平 - 朱辛庄新村南区,2,19.0,1200.0,61.0,116.309607,40.098555,昌平
昌平 - 泰华龙旗广场,1,75.0,5200.0,69.0,116.34786799999999,40.067757,昌平
昌平 - 流星花园二区,2,22.0,1350.0,61.0,116.336281,40.087579999999996,昌平
昌平 - 温泉花园,1,65.0,3600.0,55.0,116.412097,40.127156,昌平
昌平 - 溪城家园,3,66.33333333333333,4066.6666666666665,60.666666666666664,116.40074499999999,40.04285,昌平
昌平 - 澜湾小区,1,57.0,3500.0,61.0,116.26216699999999,40.209653,昌平
昌平 - 珠江摩尔,1,68.0,4000.0,58.0,116.289883,40.098524,昌平
昌平 - 琥珀郡公寓,1,45.0,2500.0,55.0,116.22018600000001,40.22282,昌平
昌平 - 立水桥北里,1,28.0,1500.0,53.0,116.41361699999999,40.052521,昌平
昌平 - 紫金新干线,3,20.666666666666668,1316.6666666666667,62.666666666666664,116.379451,40.080709999999996,昌平
昌平 - 蓝天园,3,69.0,3866.6666666666665,55.333333333333336,116.36936100000001,40.073733000000004,昌平
昌平 - 融泽嘉园,5,46.0,3080.0,66.2,116.30914499999999,40.068653999999995,昌平
昌平 - 豆各庄新村,1,18.0,1000.0,55.0,116.30621399999998,40.116166,昌平
昌平 - 金科帕提欧Ⅱ美遇,1,48.0,2500.0,52.0,116.395655,40.182697,昌平
昌平 - 金隅万科城,1,44.0,2800.0,63.0,116.235592,40.207673,昌平
昌平 - 霍营小区,2,70.0,4250.0,60.5,116.373258,40.079357,昌平
昌平 - 领秀慧谷,4,39.5,2625.0,66.25,116.300397,40.100028,昌平
昌平 - 马连店家园,7,36.285714285714285,2274.285714285714,62.714285714285715,116.34376999999998,40.089504999999996,昌平
昌平 - 高教新城惠风园,1,35.0,2300.0,65.0,116.259105,40.165043,昌平
昌平 - 高教新城盛品园,3,63.0,3866.6666666666665,61.0,116.25911699999999,40.158764,昌平
昌平 - 鲁疃嘉园,1,60.0,3200.0,53.0,116.4741,40.110146,昌平
昌平 - 龙兴园北区,3,16.666666666666668,1083.3333333333333,63.666666666666664,116.302526,40.077411,昌平
昌平 - 龙兴园西区,1,47.0,3000.0,63.0,116.297749,40.075811,昌平
昌平 - 龙冠·冠华苑,1,20.0,1300.0,65.0,116.409051,40.117473,昌平
昌平 - 龙华园东区,1,65.0,4500.0,69.0,116.32768999999999,40.077503,昌平
昌平 - 龙禧苑三区,1,76.0,5000.0,65.0,116.33566100000002,40.08430300000001,昌平
昌平 - 龙跃苑东五区,2,51.0,3350.0,65.5,116.35682299999999,40.072324,昌平
昌平 - 龙跃苑东四区,1,25.0,1600.0,64.0,116.356624,40.07452,昌平
昌平 - 龙锦苑东三区,1,30.0,2000.0,66.0,116.36962,40.082941,昌平
昌平 - 龙锦苑东四区,1,16.0,1100.0,68.0,116.37385400000001,40.084554,昌平
昌平 - 龙锦苑四区,2,66.0,3750.0,56.5,116.346751,40.084979,昌平
朝阳 - 万科公园五号,1,58.0,3500.0,60.0,116.47708,39.926497999999995,朝阳
朝阳 - 万象新天,2,55.0,3700.0,66.5,116.592625,39.929802,朝阳
朝阳 - 三里屯北小街,1,49.0,3000.0,61.0,116.452421,39.943785,朝阳
朝阳 - 世安家园,1,78.0,5000.0,64.0,116.455997,40.001247,朝阳
朝阳 - 世豪花园,1,71.0,3800.0,53.0,116.50671000000001,39.843557000000004,朝阳
朝阳 - 东坝家园,2,71.0,3900.0,54.5,116.541458,39.967861,朝阳
朝阳 - 东坝福园,2,63.5,4050.0,63.5,116.57304199999999,39.961037,朝阳
朝阳 - 东方雅苑,1,64.0,3300.0,51.0,116.474877,39.887155,朝阳
朝阳 - 东泽园,5,70.6,4500.0,63.4,116.55801699999999,39.95982100000001,朝阳
朝阳 - 中灿苑,1,28.0,1500.0,53.0,116.410445,40.007673,朝阳
朝阳 - 乐乎公寓十里河佰汇店,1,68.0,3500.0,51.0,116.461661,39.859851,朝阳
朝阳 - 九台2000家园,1,28.0,1500.0,53.0,116.40857199999999,40.007921,朝阳
朝阳 - 京旺家园,4,60.5,3800.0,62.5,116.529868,40.013332,朝阳
朝阳 - 人民日报社家属区,4,67.75,4450.0,64.75,116.471005,39.920906,朝阳
朝阳 - 众亿嘉园,1,22.0,1500.0,68.0,116.60103600000001,39.916393,朝阳
朝阳 - 佳兴园,1,30.0,2000.0,66.0,116.42424299999999,40.034967,朝阳
朝阳 - 保利嘉园,2,77.0,4750.0,61.5,116.60583999999999,39.929204,朝阳
朝阳 - 光华里小区,2,65.0,4250.0,65.0,116.454249,39.911107,朝阳
朝阳 - 光辉南里,3,67.66666666666667,4400.0,64.66666666666667,116.473238,39.905714,朝阳
朝阳 - 光辉里小区,2,68.0,4050.0,59.0,116.47654399999999,39.909252,朝阳
朝阳 - 八里庄东里,2,47.5,3050.0,61.0,116.499021,39.917764,朝阳
朝阳 - 八里庄北里,1,64.0,4400.0,68.0,116.49843600000001,39.928196,朝阳
朝阳 - 八里庄新区,4,71.25,4400.0,61.5,116.499421,39.929149,朝阳
朝阳 - 兴隆家园,1,76.0,5200.0,68.0,116.52270700000001,39.915242,朝阳
朝阳 - 农光东里,3,69.33333333333333,4533.333333333333,65.0,116.467743,39.883312,朝阳
朝阳 - 农光里小区,5,59.0,3860.0,64.8,116.464169,39.882397999999995,朝阳
朝阳 - 农展南里,1,75.0,4900.0,65.0,116.46545400000001,39.935748,朝阳
朝阳 - 凯旋城,1,26.0,1500.0,57.0,116.419575,39.997486,朝阳
朝阳 - 凯泰大厦,1,68.0,4670.0,68.0,116.487807,39.916289,朝阳
朝阳 - 力源里小区,1,78.0,5200.0,66.0,116.492135,39.909591,朝阳
朝阳 - 劲松一区,4,62.5,4000.0,63.25,116.457251,39.885278,朝阳
朝阳 - 劲松七区,1,60.0,4000.0,66.0,116.44832199999999,39.880584000000006,朝阳
朝阳 - 劲松三区,2,45.5,2900.0,62.5,116.458077,39.883148999999996,朝阳
朝阳 - 北京城建福润四季A区,5,72.2,4300.0,59.0,116.577753,39.95843,朝阳
朝阳 - 北京新天地,8,68.875,4512.5,65.125,116.60580200000001,39.915256,朝阳
朝阳 - 北纬40度东区,1,45.0,2800.0,62.0,116.464968,40.023952,朝阳
朝阳 - 北花园小区,1,60.0,3380.0,56.0,116.55096100000002,39.904339,朝阳
朝阳 - 北苑2号院,1,28.0,1500.0,53.0,116.419315,40.026834,朝阳
朝阳 - 北苑家园茉藜园,1,26.0,1500.0,57.0,116.42404499999999,40.03951,朝阳
朝阳 - 北苑家园黄金苑,1,26.0,1500.0,57.0,116.41321299999998,40.042833,朝阳
朝阳 - 北辰福第,3,74.33333333333333,4966.666666666667,66.33333333333333,116.60138300000001,39.929202000000004,朝阳
朝阳 - 华威北里,6,47.0,2883.3333333333335,62.5,116.45817999999998,39.878648,朝阳
朝阳 - 华威西里,1,26.0,1800.0,69.0,116.45346699999999,39.873925,朝阳
朝阳 - 华瀚福园,1,70.0,4000.0,57.0,116.57304199999999,39.961037,朝阳
朝阳 - 华翰国际,1,65.0,4300.0,66.0,116.49285400000001,39.87879,朝阳
朝阳 - 华龙美树,1,62.0,4300.0,69.0,116.57977,39.91257,朝阳
朝阳 - 南湖中园一区,1,33.0,1900.0,57.0,116.46173799999998,40.003291,朝阳
朝阳 - 南郎家园,1,56.0,3800.0,67.0,116.46628999999999,39.906301,朝阳
朝阳 - 卡夫卡公社,4,53.5,3550.0,66.0,116.573821,39.923604,朝阳
朝阳 - 双合家园,1,72.0,5000.0,69.0,116.52813700000002,39.856879,朝阳
朝阳 - 双惠苑,3,61.333333333333336,3833.3333333333335,61.333333333333336,116.574807,39.906535,朝阳
朝阳 - 双柳新居,1,58.0,3800.0,65.0,116.584397,39.907025,朝阳
朝阳 - 双龙南里,3,62.666666666666664,4033.3333333333335,64.0,116.479584,39.869495,朝阳
朝阳 - 吉利家园,1,28.0,1500.0,53.0,116.43368999999998,39.981721,朝阳
朝阳 - 向军北里,1,54.0,3200.0,59.0,116.460246,39.924294,朝阳
朝阳 - 向军南里,1,65.0,3500.0,53.0,116.459889,39.921279,朝阳
朝阳 - 君堂好园,1,65.0,4500.0,69.0,116.50468400000001,39.843739,朝阳
朝阳 - 周庄嘉园,8,54.875,3431.25,62.25,116.473969,39.86610100000001,朝阳
朝阳 - 呼家楼北街,4,72.5,4275.0,58.25,116.465172,39.922703999999996,朝阳
朝阳 - 呼家楼南里,2,70.0,4450.0,63.0,116.46926599999999,39.919455,朝阳
朝阳 - 嘉禾园,1,74.0,5000.0,67.0,116.449095,39.875783,朝阳
朝阳 - 嘉铭园,1,26.0,1500.0,57.0,116.42513999999998,40.002196999999995,朝阳
朝阳 - 嘉铭桐城,1,26.0,1500.0,57.0,116.42651699999999,40.003623,朝阳
朝阳 - 团结湖东里,1,75.0,4700.0,62.0,116.467372,39.929227000000004,朝阳
朝阳 - 团结湖北三条,1,65.0,4300.0,66.0,116.46860500000001,39.930901,朝阳
朝阳 - 国美第一城,1,43.0,2900.0,67.0,116.51293899999999,39.933698,朝阳
朝阳 - 坝鑫家园,10,59.5,3870.0,64.5,116.53523100000004,39.970194,朝阳
朝阳 - 垂杨柳东里,2,69.0,4694.0,67.5,116.459773,39.888628000000004,朝阳
朝阳 - 垡头北里,1,60.0,4000.0,66.0,116.512041,39.868316,朝阳
朝阳 - 大屯里小区,1,26.0,1500.0,57.0,116.41544499999999,40.007974,朝阳
朝阳 - 天创世缘,1,26.0,1800.0,69.0,116.40620600000001,40.003433,朝阳
朝阳 - 姚家园东里,1,65.0,4500.0,69.0,116.51848600000001,39.948483,朝阳
朝阳 - 安华西里,1,59.0,3200.0,54.0,116.398858,39.965576,朝阳
朝阳 - 安华里,1,68.0,4500.0,66.0,116.402515,39.967579,朝阳
朝阳 - 安慧里一区,1,26.0,1500.0,57.0,116.41404399999999,39.993256,朝阳
朝阳 - 安慧里二区,2,49.5,3250.0,63.5,116.41081000000001,39.994802,朝阳
朝阳 - 安慧里五区,1,26.0,1500.0,57.0,116.415618,39.990561,朝阳
朝阳 - 安翔里,4,75.75,4850.0,63.75,116.38325400000001,39.990911,朝阳
朝阳 - 安苑东里,1,78.0,5000.0,64.0,116.411111,39.98425,朝阳
朝阳 - 安苑北里,1,78.0,5000.0,64.0,116.409549,39.985294,朝阳
朝阳 - 定福庄西街小区,1,78.0,4500.0,57.0,116.552028,39.910057,朝阳
朝阳 - 富东嘉园,1,60.0,4000.0,66.0,116.55129199999999,39.945823,朝阳
朝阳 - 小关东里,1,50.0,3400.0,68.0,116.41169099999999,39.97756500000001,朝阳
朝阳 - 小关北里,3,69.0,4500.0,64.66666666666667,116.415182,39.981660999999995,朝阳
朝阳 - 小悦城公寓,1,75.0,4800.0,64.0,116.519929,39.924184999999994,朝阳
朝阳 - 常营民族家园,1,30.0,1980.0,66.0,116.582004,39.930061,朝阳
朝阳 - 干杨树,1,28.0,1500.0,53.0,116.419523,39.990725,朝阳
朝阳 - 平乐园小区,4,51.25,3350.0,64.0,116.48105600000001,39.884506,朝阳
朝阳 - 康家沟小区,1,50.0,3000.0,60.0,116.51491999999999,39.910671,朝阳
朝阳 - 康泉新城,1,75.0,4900.0,65.0,116.60553,39.899224,朝阳
朝阳 - 康静里小区,1,60.0,4000.0,66.0,116.532696,39.961566999999995,朝阳
朝阳 - 延静东里,1,70.0,3800.0,54.0,116.48538,39.923427000000004,朝阳
朝阳 - 延静西里,1,70.0,4800.0,68.0,116.482726,39.920122,朝阳
朝阳 - 延静里中街3号院,1,78.0,5300.0,67.0,116.486652,39.917454,朝阳
朝阳 - 延静里小区,1,68.0,4500.0,66.0,116.482701,39.923504,朝阳
朝阳 - 建东苑东区,1,74.0,4500.0,60.0,116.588307,39.916131,朝阳
朝阳 - 建工双合家园,1,78.0,5000.0,64.0,116.526176,39.856497999999995,朝阳
朝阳 - 弘善家园,1,59.0,4000.0,67.0,116.45345800000001,39.868519,朝阳
朝阳 - 恋日国际,1,77.0,4000.0,51.0,116.46483300000001,39.905423,朝阳
朝阳 - 恒大御景湾,3,54.666666666666664,3666.6666666666665,67.0,116.55329499999999,39.85626,朝阳
朝阳 - 惠新北里2号院,1,28.0,1500.0,53.0,116.42110500000001,39.984253,朝阳
朝阳 - 惠新西街甲15号院,1,75.0,4000.0,53.0,116.41603,39.985087,朝阳
朝阳 - 惠新里,1,75.0,4800.0,64.0,116.420427,39.981358,朝阳
朝阳 - 慧忠北里,2,27.0,1650.0,60.5,116.40620600000001,40.003433,朝阳
朝阳 - 慧忠里小区,2,26.0,1500.0,57.0,116.40347,39.995356,朝阳
朝阳 - 晨光家园,2,79.0,5100.0,64.0,116.50509699999999,39.925477,朝阳
朝阳 - 望京新城,1,33.0,1900.0,57.0,116.471228,39.996755,朝阳
朝阳 - 望馨园,1,40.0,2700.0,67.0,116.46127,40.010452,朝阳
朝阳 - 望馨花园,1,32.0,2100.0,65.0,116.46127,40.010452,朝阳
朝阳 - 朝丰家园,1,77.0,5000.0,64.0,116.564929,39.851359,朝阳
朝阳 - 朝来绿色家园来春园,1,30.0,2000.0,66.0,116.439031,40.03618,朝阳
朝阳 - 朝阳旺角,1,78.0,4500.0,57.0,116.58816599999999,39.905148,朝阳
朝阳 - 松榆东里,11,59.90909090909091,3745.4545454545455,62.09090909090909,116.47484099999998,39.87309699999999,朝阳
朝阳 - 松榆西里,9,53.0,3411.1111111111113,64.22222222222223,116.46443899999998,39.87373200000001,朝阳
朝阳 - 松榆里小区,3,61.333333333333336,3926.6666666666665,63.666666666666664,116.46927099999999,39.875693,朝阳
朝阳 - 柏林爱乐,6,70.33333333333333,4650.0,65.83333333333333,116.586653,39.923865,朝阳
朝阳 - 武圣西里,1,29.0,2000.0,68.0,116.466076,39.878308000000004,朝阳
朝阳 - 水碓子东里,2,65.0,4300.0,65.5,116.475105,39.923325,朝阳
朝阳 - 汇园公寓,1,26.0,1500.0,57.0,116.40225,39.993719,朝阳
朝阳 - 沿海赛洛城,2,33.0,2250.0,67.5,116.50515700000001,39.897281,朝阳
朝阳 - 爱这城,1,50.0,3000.0,60.0,116.507396,39.913880999999996,朝阳
朝阳 - 玲珑山,1,65.0,4200.0,64.0,116.56135800000001,39.902854,朝阳
朝阳 - 珠江罗马嘉园,1,32.0,2200.0,68.0,116.51371699999999,39.923451,朝阳
朝阳 - 瑞祥里,3,61.666666666666664,3833.3333333333335,62.0,116.61415900000001,39.91198,朝阳
朝阳 - 甘露园南里二区,1,61.0,3900.0,63.0,116.51703899999998,39.914418,朝阳
朝阳 - 甘露家园,1,68.0,4600.0,67.0,116.51496100000001,39.917676,朝阳
朝阳 - 甜水园东里,2,71.0,4450.0,62.5,116.482743,39.925878999999995,朝阳
朝阳 - 电建北院,1,74.0,5000.0,67.0,116.553032,39.916159,朝阳
朝阳 - 白家庄东里,2,72.5,4700.0,64.5,116.464701,39.929967,朝阳
朝阳 - 百子湾家园,2,20.0,1200.0,60.0,116.511743,39.899198999999996,朝阳
朝阳 - 百环花园,1,38.0,2300.0,60.0,116.458827,39.874327,朝阳
朝阳 - 磨房南里,1,65.0,4500.0,69.0,116.474604,39.878819,朝阳
朝阳 - 福怡苑北区,1,70.0,4000.0,57.0,116.555356,39.92143400000001,朝阳
朝阳 - 秀水园,1,70.0,4600.0,65.0,116.47448600000001,39.930229,朝阳
朝阳 - 管庄北二里,1,56.0,3800.0,67.0,116.593176,39.92096,朝阳
朝阳 - 管庄西里,2,65.5,4350.0,66.0,116.588498,39.913608,朝阳
朝阳 - 紫南家园,1,70.0,4500.0,64.0,116.49850500000001,39.874411,朝阳
朝阳 - 红庙北里,2,69.0,4600.0,66.0,116.479891,39.919001,朝阳
朝阳 - 绣菊园,1,72.0,5000.0,69.0,116.425772,40.044762,朝阳
朝阳 - 绿岛苑,3,63.0,4100.0,65.0,116.547229,39.91683,朝阳
朝阳 - 翠成馨园,8,69.625,4450.0,63.375,116.50322600000001,39.858814,朝阳
朝阳 - 育慧西里,2,70.0,4550.0,64.5,116.42446100000001,39.997603999999995,朝阳
朝阳 - 育慧里,2,78.0,4500.0,57.5,116.429023,39.991708,朝阳
朝阳 - 艺水芳园,2,69.0,4650.0,67.0,116.56276799999999,39.904875,朝阳
朝阳 - 芍药居4号院,1,26.0,1500.0,57.0,116.433876,39.982760999999996,朝阳
朝阳 - 芍药居5号院,1,26.0,1500.0,57.0,116.43193600000001,39.981818,朝阳
朝阳 - 芍药居北里,2,30.5,1750.0,57.0,116.43561899999999,39.986142,朝阳
朝阳 - 花园闸北里,1,65.0,4500.0,69.0,116.548806,39.911285,朝阳
朝阳 - 花家地北里,2,70.0,4700.0,67.0,116.464871,39.986176,朝阳
朝阳 - 花家地小区,2,74.0,5000.0,67.0,116.46921,39.983294,朝阳
朝阳 - 花家地西里一区,1,68.0,4500.0,66.0,116.46016200000001,39.98834,朝阳
朝阳 - 花家地西里三区,1,75.0,4400.0,58.0,116.459498,39.990555,朝阳
朝阳 - 苹果派,1,72.0,4700.0,65.0,116.57815,39.929918,朝阳
朝阳 - 蓝堡国际公寓,1,72.0,5000.0,69.0,116.47675,39.911322,朝阳
朝阳 - 西坝河东里,1,60.0,3500.0,58.0,116.445874,39.966390999999994,朝阳
朝阳 - 超级蜂巢,3,45.0,2666.6666666666665,59.0,116.54874299999999,39.899069,朝阳
朝阳 - 远洋一方,6,64.83333333333333,4166.166666666667,63.833333333333336,116.59622,39.903288,朝阳
朝阳 - 通惠家园惠民园,1,65.0,4500.0,69.0,116.512345,39.909615,朝阳
朝阳 - 通惠家园惠泽园,1,65.0,4300.0,66.0,116.501153,39.909655,朝阳
朝阳 - 道家园小区,1,65.0,4500.0,69.0,116.486026,39.92599600000001,朝阳
朝阳 - 都会华庭,2,25.0,1500.0,60.0,116.502578,39.913193,朝阳
朝阳 - 金台北街,1,40.0,2500.0,62.0,116.47559299999999,39.922338,朝阳
朝阳 - 金台里,4,67.75,4350.0,64.0,116.47701,39.918636,朝阳
朝阳 - 金泉家园,2,27.0,1500.0,55.0,116.41250900000001,40.004576,朝阳
朝阳 - 金泰丽富嘉园,2,62.0,4000.0,64.0,116.55009799999999,39.956157,朝阳
朝阳 - 金泽家园,6,66.66666666666667,3766.6666666666665,55.5,116.563858,39.955296999999995,朝阳
朝阳 - 金盏嘉园,5,57.2,3720.0,64.4,116.56126100000002,40.009846,朝阳
朝阳 - 金福家园,1,65.0,4000.0,61.0,116.552479,39.920524,朝阳
朝阳 - 金蝉北里,1,62.0,4100.0,66.0,116.50872700000001,39.867816999999995,朝阳
朝阳 - 金隅丽景园,5,69.2,4160.0,59.4,116.61217500000001,39.925458,朝阳
朝阳 - 金隅可乐,1,68.0,4500.0,66.0,116.576526,39.903559,朝阳
朝阳 - 金隅康惠园,5,69.8,4460.0,63.4,116.57877899999998,39.906251,朝阳
朝阳 - 金隅悦和园,8,65.0,3806.25,58.125,116.53861100000003,39.956798,朝阳
朝阳 - 金驹家园,4,58.5,3725.0,63.25,116.568774,39.958787,朝阳
朝阳 - 锦绣馨园,1,26.0,1500.0,57.0,116.423093,39.998177,朝阳
朝阳 - 阳明广场,1,30.0,2000.0,66.0,116.424679,39.995163,朝阳
朝阳 - 零点特区,1,70.0,4500.0,64.0,116.60226899999999,39.900259999999996,朝阳
朝阳 - 青年路小区,1,60.0,4000.0,66.0,116.523784,39.924898999999996,朝阳
朝阳 - 领地OFFICE,1,36.0,2300.0,63.0,116.41385,40.040226000000004,朝阳
朝阳 - 首开知语城,1,50.0,3400.0,68.0,116.459154,39.99426,朝阳
朝阳 - 马道口,1,56.0,3800.0,67.0,116.475799,39.9271,朝阳
朝阳 - 高家园三区,2,63.0,4150.0,65.5,116.480755,39.979548,朝阳
朝阳 - 鸿博家园,4,67.0,4154.0,61.5,116.473153,39.829755,朝阳
朝阳 - 黄金苑,1,28.0,1700.0,60.0,116.41321299999998,40.042833,朝阳
海淀 - 万寿路1号院,1,75.0,5000.0,66.0,116.28541899999999,39.918769,海淀
海淀 - 万寿路24号院,1,72.0,5000.0,69.0,116.295703,39.908875,海淀
海淀 - 万寿路西街11号院,1,72.0,5000.0,69.0,116.286575,39.912684999999996,海淀
海淀 - 万树园,1,56.0,3800.0,67.0,116.291329,40.025607,海淀
海淀 - 上奥世纪中心,1,12.0,800.0,66.0,116.331639,40.056416,海淀
海淀 - 东馨园,1,20.0,1300.0,65.0,116.289328,40.041594,海淀
海淀 - 中关园,1,68.0,3500.0,51.0,116.316055,39.989822,海淀
海淀 - 中国房子,1,72.0,5000.0,69.0,116.249889,39.931152000000004,海淀
海淀 - 京泉馨苑,1,10.0,650.0,65.0,116.244543,39.965808,海淀
海淀 - 人民大学静园,1,70.0,4200.0,60.0,116.31468799999999,39.973465999999995,海淀
海淀 - 倒座庙,1,65.0,4400.0,67.0,116.30561100000001,39.974115999999995,海淀
海淀 - 六里屯小区,2,68.0,4550.0,66.5,116.25048500000001,40.06537,海淀
海淀 - 兰德华庭,1,70.0,4500.0,64.0,116.25039699999999,39.928271,海淀
海淀 - 农大绿苑,1,76.0,4600.0,60.0,116.29024,40.029461,海淀
海淀 - 前屯路58号院,1,70.0,4600.0,65.0,116.350043,40.038236,海淀
海淀 - 北京舞蹈学院小区,1,70.0,4800.0,68.0,116.31946299999998,39.948242,海淀
海淀 - 北辰香麓,1,75.0,3900.0,52.0,116.178642,40.047726000000004,海淀
海淀 - 半壁店90号院,1,70.0,4500.0,64.0,116.268774,39.929486,海淀
海淀 - 双榆树西里,1,65.0,4500.0,69.0,116.324688,39.968628,海淀
海淀 - 吴家场小区,1,75.0,5000.0,66.0,116.30187600000001,39.890737,海淀
海淀 - 唐家岭,1,18.0,1000.0,55.0,116.272451,40.069269,海淀
海淀 - 唐家岭新城,1,70.0,4500.0,64.0,116.277667,40.068585999999996,海淀
海淀 - 大牛坊回迁房,2,46.5,2700.0,56.5,116.235221,40.085497,海淀
海淀 - 天香颐北里,1,15.0,1000.0,66.0,116.248796,39.96781,海淀
海淀 - 安宁庄东路2号院,1,20.0,1300.0,65.0,116.32597,40.05021,海淀
海淀 - 安宁里小区,1,70.0,4200.0,60.0,116.33075900000001,40.046214,海淀
海淀 - 安河家园,4,56.75,3000.0,54.75,116.131216,40.070177,海淀
海淀 - 定慧北里,1,65.0,4200.0,64.0,116.281292,39.926268,海淀
海淀 - 定慧西里,1,75.0,5100.0,68.0,116.282347,39.922638,海淀
海淀 - 宝盛北里,1,75.0,5000.0,66.0,116.36858899999999,40.038507,海淀
海淀 - 小营西路30号院,1,20.0,1350.0,67.0,116.332102,40.034893,海淀
海淀 - 尚峰尚水,4,41.0,2487.5,62.25,116.183775,40.046597999999996,海淀
海淀 - 巨山馨苑,1,65.0,4500.0,69.0,116.226638,39.943296999999994,海淀
海淀 - 常青园北里,1,13.0,900.0,69.0,116.27147,39.96284,海淀
海淀 - 建材城东一里,2,65.0,4400.0,67.5,116.372497,40.062795,海淀
海淀 - 建材城西一里,2,62.5,4250.0,67.5,116.35205500000001,40.062501,海淀
海淀 - 建材城西二里,1,73.0,4500.0,61.0,116.354964,40.063525,海淀
海淀 - 强佑清河新城,2,75.5,5100.0,67.0,116.346528,40.0287,海淀
海淀 - 新康园,1,70.0,4550.0,65.0,116.353007,40.065006,海淀
海淀 - 新梅园,1,79.0,5000.0,63.0,116.27336000000001,40.030122,海淀
海淀 - 智学苑,1,78.0,5000.0,64.0,116.31093700000001,40.05082700000001,海淀
海淀 - 月季园小区,1,36.0,2300.0,63.0,116.373423,39.971234,海淀
海淀 - 椿楸家园,1,66.0,4100.0,62.0,116.25170800000001,39.938033000000004,海淀
海淀 - 橙色年代,4,61.0,4000.0,65.0,116.295905,39.887609999999995,海淀
海淀 - 橡树湾,1,22.0,1200.0,54.0,116.33224799999999,40.032215,海淀
海淀 - 永定路1号院,1,58.0,3300.0,56.0,116.26401000000001,39.925335,海淀
海淀 - 永定路25号院,1,75.0,4600.0,61.0,116.26402900000001,39.918684999999996,海淀
海淀 - 永旺家园,8,70.75,4550.0,64.25,116.25048500000001,40.06537,海淀
海淀 - 永泰东里,3,73.0,4900.0,66.33333333333333,116.35881699999999,40.034901,海淀
海淀 - 永泰园,2,61.0,4000.0,65.5,116.348646,40.03429000000001,海淀
海淀 - 永泰西里,4,66.5,4150.0,62.25,116.35448000000001,40.033356,海淀
海淀 - 永达逸家,1,58.0,4000.0,68.0,116.25460600000001,39.928118,海淀
海淀 - 永金里,1,75.0,5200.0,69.0,116.27121100000001,39.920934,海淀
海淀 - 汇福轩,1,25.0,1600.0,64.0,116.335842,39.950356,海淀
海淀 - 汇锦苑,1,63.0,4000.0,63.0,116.253115,39.912759,海淀
海淀 - 沁春家园,1,30.0,2000.0,66.0,116.33580500000001,40.056908,海淀
海淀 - 海澜中苑,1,78.0,4800.0,61.0,116.24358400000001,39.933219,海淀
海淀 - 清华东路17号院,1,16.0,1000.0,62.0,116.35507700000001,40.010601,海淀
海淀 - 温泉人家,1,60.0,3200.0,53.0,116.191404,40.043516,海淀
海淀 - 温泉凯盛家园,8,59.875,3412.5,56.75,116.17290100000001,40.049017,海淀
海淀 - 温泉镇老年人医院家属楼,2,62.5,3400.0,54.0,116.16028899999999,40.050074,海淀
海淀 - 溪山嘉园,2,42.0,2575.0,63.5,116.23743200000001,39.956125,海淀
海淀 - 燕北园,1,65.0,4500.0,69.0,116.28646699999999,40.00894,海淀
海淀 - 玉泉路11号院,1,55.0,3800.0,69.0,116.256606,39.897677,海淀
海淀 - 玉泉路16号院,1,75.0,4600.0,61.0,116.25648899999999,39.913914,海淀
海淀 - 玉海园,2,68.5,4400.0,64.0,116.256374,39.920451,海淀
海淀 - 田村路40号,1,70.0,4800.0,68.0,116.258778,39.928445,海淀
海淀 - 百旺新城景和园,1,18.0,1200.0,66.0,116.26581999999999,40.049146,海淀
海淀 - 百草园,1,60.0,4000.0,66.0,116.280231,40.035313,海淀
海淀 - 福溪家园,2,60.0,3450.0,57.0,116.192029,40.045382000000004,海淀
海淀 - 红联南村,1,65.0,3900.0,60.0,116.36148899999999,39.949738,海淀
海淀 - 翠微路甲9号院,1,72.0,5000.0,69.0,116.301626,39.910751,海淀
海淀 - 芙蓉里,1,70.0,3800.0,54.0,116.30081799999999,39.989092,海淀
海淀 - 莱圳家园,1,65.0,4500.0,69.0,116.34624199999999,40.045728000000004,海淀
海淀 - 莲宝路7号院,2,61.5,4100.0,66.0,116.30009799999999,39.890451,海淀
海淀 - 莲花小区,1,65.0,4500.0,69.0,116.304574,39.896135,海淀
海淀 - 裕隆新村,1,56.0,3000.0,53.0,116.268928,40.023152,海淀
海淀 - 西二旗居住区二期,1,18.0,1150.0,63.0,116.30629499999999,40.053034000000004,海淀
海淀 - 西山国际城,8,69.125,4325.0,62.375,116.22922600000001,39.927326,海淀
海淀 - 车公庄西路35号院,1,78.0,5000.0,64.0,116.31236100000001,39.935134999999995,海淀
海淀 - 轮胎厂小区,1,75.0,4500.0,60.0,116.23881000000002,39.927262,海淀
海淀 - 金沟河小区,2,70.0,4350.0,62.0,116.269976,39.918046000000004,海淀
海淀 - 金隅瑞和园,3,65.0,4100.0,62.666666666666664,116.23404599999999,39.920715,海淀
海淀 - 铭科苑,1,60.0,4000.0,66.0,116.31493600000002,40.051915,海淀
海淀 - 阜光里小区,1,70.0,4700.0,67.0,116.32202,39.92720900000001,海淀
海淀 - 颐阳山水居西区,1,10.0,650.0,65.0,116.192421,40.039376000000004,海淀
石景山 - 七星园,4,67.5,4250.0,62.5,116.214693,39.899524,石景山
石景山 - 中海金石公馆,5,67.8,4360.0,63.8,116.180552,39.911795,石景山
石景山 - 中海长安雅苑,3,71.66666666666667,4433.333333333333,61.666666666666664,116.178063,39.911772,石景山
石景山 - 五芳园,2,64.5,4075.0,63.0,116.226532,39.898421,石景山
石景山 - 京原路5号院,1,70.0,4600.0,65.0,116.20935300000001,39.90124,石景山
石景山 - 依翠园,2,66.0,4550.0,68.5,116.217918,39.899975,石景山
石景山 - 八角中里,4,60.0,3650.0,60.5,116.20359499999999,39.912353,石景山
石景山 - 八角南路小区,1,45.0,2300.0,51.0,116.201982,39.90975200000001,石景山
石景山 - 八角南里,2,69.0,4400.0,63.5,116.201982,39.90975200000001,石景山
石景山 - 六合园,1,68.0,4300.0,63.0,116.219904,39.899263,石景山
石景山 - 十万平小区,1,58.0,3850.0,66.0,116.183375,39.908147,石景山
石景山 - 古城住宅小区,1,65.0,4500.0,69.0,116.19001399999999,39.919482,石景山
石景山 - 古城北路小区,2,65.0,4300.0,65.5,116.19169099999999,39.915042,石景山
石景山 - 古城南路,4,59.75,3925.0,65.25,116.186807,39.910922,石景山
石景山 - 古城地铁楼,1,65.0,4000.0,61.0,116.18789199999999,39.921032000000004,石景山
石景山 - 古城环卫楼,1,70.0,4000.0,57.0,116.18828500000001,39.919506,石景山
石景山 - 古城现代嘉园,10,73.5,4430.0,60.0,116.17881700000001,39.913614,石景山
石景山 - 古城西路,1,65.0,4500.0,69.0,116.17681999999999,39.914538,石景山
石景山 - 古城西路小区,3,65.0,4100.0,62.666666666666664,116.184758,39.91344,石景山
石景山 - 工人疗养院家属院,1,65.0,4000.0,61.0,116.198495,39.945627,石景山
石景山 - 建西苑北里,1,58.0,3700.0,63.0,116.208025,39.923111999999996,石景山
石景山 - 建西苑南里,1,77.0,5000.0,64.0,116.208694,39.916775,石景山
石景山 - 杨庄中区,2,57.5,3450.0,60.0,116.19296399999999,39.922729,石景山
石景山 - 永乐东区,4,63.25,4250.0,66.75,116.232906,39.90032,石景山
石景山 - 永乐西区,2,66.5,4325.0,64.5,116.22639099999999,39.90163,石景山
石景山 - 海特花园,1,60.0,3300.0,55.0,116.188799,39.933031,石景山
石景山 - 碣石坪小区,1,55.0,3200.0,58.0,116.211753,39.906411999999996,石景山
石景山 - 老山西里,2,69.5,4750.0,68.0,116.218427,39.909962,石景山
石景山 - 苹果园二区,1,79.0,4500.0,56.0,116.18720800000001,39.93063,石景山
石景山 - 西下庄小区,2,61.0,3900.0,63.5,116.196403,39.946973,石景山
石景山 - 西山枫林,2,72.5,4800.0,65.5,116.20268999999999,39.942901,石景山
石景山 - 西山澳园,1,25.0,1500.0,60.0,116.178694,39.93687,石景山
石景山 - 西山芳苑,4,71.0,4650.0,65.0,116.20285200000001,39.947163,石景山
石景山 - 西引力,1,50.0,3100.0,62.0,116.20954499999999,39.902124,石景山
石景山 - 西成忆树,1,56.0,3700.0,66.0,116.19939199999999,39.923787,石景山
石景山 - 西现代城,1,54.0,3300.0,61.0,116.189745,39.92548,石景山
石景山 - 西黄新村北里,3,68.0,4000.0,58.0,116.20419699999998,39.936159,石景山
石景山 - 西黄新村南里,1,66.0,4000.0,60.0,116.20806200000001,39.932961999999996,石景山
石景山 - 远洋山水,9,68.0,4566.666666666667,66.55555555555556,116.23996999999999,39.898811,石景山
石景山 - 金谷香郡,1,50.0,2900.0,58.0,116.12195200000001,39.96223,石景山
石景山 - 金顶街四区,1,75.0,4000.0,53.0,116.175278,39.92675,石景山
石景山 - 金顶街小区,1,60.0,3300.0,55.0,116.16186,39.926939000000004,石景山
西城 - 三里河一区,1,70.0,4500.0,64.0,116.342244,39.916551,西城
西城 - 南礼士路三条,1,45.0,2800.0,62.0,116.349106,39.912259999999996,西城
西城 - 团结大院,1,65.0,3400.0,52.0,116.350201,39.938185,西城
西城 - 天宁寺东里,1,45.0,3000.0,66.0,116.34746899999999,39.894360999999996,西城
西城 - 常青藤嘉园,1,63.0,4300.0,68.0,116.333129,39.880261,西城
西城 - 广外车站西街15号院,2,60.0,4050.0,67.0,116.33833700000001,39.87877,西城
西城 - 月坛西街东里,1,65.0,3800.0,58.0,116.34992199999999,39.915259000000006,西城
西城 - 月坛西街乙2号院,1,45.0,2300.0,51.0,116.350174,39.917698,西城
西城 - 欧园北欧印象,1,46.0,3000.0,65.0,116.329701,39.876476000000004,西城
西城 - 红居南街1号院,1,75.0,4800.0,64.0,116.33971899999999,39.88385200000001,西城
西城 - 红居斜街,1,70.0,4500.0,64.0,116.337258,39.883767999999996,西城
西城 - 红莲中里,1,55.0,3500.0,63.0,116.334108,39.884228,西城
西城 - 红莲南里,1,65.0,4000.0,61.0,116.334901,39.879159,西城
西城 - 荣丰2008,1,70.0,4700.0,67.0,116.33661599999999,39.894695,西城
西城 - 西直门北大街43号院,2,59.5,3700.0,61.5,116.35501799999999,39.947502,西城
西城 - 车公庄北里,5,62.8,3936.0,62.4,116.34728199999999,39.934726,西城
西城 - 车站西街,1,73.0,5000.0,68.0,116.34188799999998,39.879529,西城
西城 - 马连道中里一区,1,58.0,3800.0,65.0,116.33096499999999,39.88706,西城
通州 - 11STATION,1,62.0,3300.0,53.0,116.615349,39.803154,通州
通州 - BOBO自由城,1,60.0,3600.0,60.0,116.693789,39.908916999999995,通州
通州 - K2海棠湾,1,50.0,3300.0,66.0,116.665149,39.869539,通州
通州 - K2清水湾,3,71.33333333333333,4100.0,57.666666666666664,116.681215,39.926308,通州
通州 - K2玉兰湾,2,44.0,2750.0,59.5,116.660001,39.886849,通州
通州 - 世纪星城,2,38.5,2475.0,64.5,116.635196,39.89468,通州
通州 - 世纪星城长城国际,2,51.0,3250.0,63.5,116.63268300000001,39.894255,通州
通州 - 东亚瑞晶苑,1,60.0,3200.0,53.0,116.54321499999999,39.74389,通州
通州 - 中上园,1,45.0,3000.0,66.0,116.682677,39.903958,通州
通州 - 久居雅园,1,50.0,3000.0,60.0,116.668829,39.869552,通州
通州 - 云景里,1,47.0,2700.0,57.0,116.66518400000001,39.876540999999996,通州
通州 - 京贸国际城,7,65.85714285714286,3742.8571428571427,56.42857142857143,116.68460000000002,39.919267,通州
通州 - 公庄小区,1,49.0,2800.0,57.0,116.660297,39.874388,通州
通州 - 加华印象街,1,12.0,650.0,54.0,116.687956,39.915817,通州
通州 - 北机家属院,1,60.0,3200.0,53.0,116.636817,39.891131,通州
通州 - 北苑145号院,2,37.0,2000.0,53.5,116.638021,39.90791,通州
通州 - 北苑55号院,6,68.66666666666667,3900.0,56.5,116.64025100000002,39.908311,通州
通州 - 华业东方玫瑰,2,53.5,3590.0,66.5,116.68553,39.880905,通州
通州 - 合生世界花园,3,58.666666666666664,3333.3333333333335,56.666666666666664,116.555504,39.739538,通州
通州 - 天桥湾小区,4,35.0,1950.0,56.25,116.659038,39.911122999999996,通州
通州 - 天赐良园,1,55.0,3800.0,69.0,116.63917,39.92582700000001,通州
通州 - 定海园,2,25.0,1525.0,61.5,116.56633799999999,39.798854999999996,通州
通州 - 巴克寓所,3,49.333333333333336,3333.3333333333335,67.0,116.64025500000001,39.887029,通州
通州 - 怡佳家园,1,45.0,2600.0,57.0,116.64456899999999,39.907915,通州
通州 - 新光大中心公寓,5,59.0,3600.0,60.8,116.660094,39.915625,通州
通州 - 新华联家园,5,56.8,3329.6,58.8,116.642559,39.890426,通州
通州 - 新城阳光,2,55.5,3350.0,60.0,116.66341399999999,39.881778999999995,通州
通州 - 新海北里,3,65.66666666666667,3600.0,54.0,116.54188400000002,39.756792,通州
通州 - 新海南里,1,57.0,3000.0,52.0,116.541142,39.754057,通州
通州 - 方恒东景,1,55.0,3200.0,58.0,116.689222,39.872205,通州
通州 - 旅游新村,1,16.0,1100.0,68.0,116.642579,39.902257,通州
通州 - 旗舰凯旋,2,67.5,3910.0,57.5,116.64556999999999,39.876746000000004,通州
通州 - 月亮河城堡,5,58.0,3500.0,60.0,116.67913899999999,39.920165999999995,通州
通州 - 李老新村,1,15.0,900.0,60.0,116.634022,39.890361,通州
通州 - 杨庄11号院,2,67.0,4500.0,66.5,116.640374,39.898378,通州
通州 - 果园225号院,1,8.0,500.0,62.0,116.652647,39.895522,通州
通州 - 果园西小区,1,59.0,3500.0,59.0,116.65328600000001,39.895513,通州
通州 - 柳岸方园,4,47.25,3150.0,66.25,116.678449,39.888494,通州
通州 - 梨园北小区,1,76.0,4100.0,53.0,116.674503,39.884946,通州
通州 - 次渠北里,2,60.0,3300.0,54.5,116.57383100000001,39.807914000000004,通州
通州 - 次渠嘉园,6,42.833333333333336,2733.3333333333335,63.333333333333336,116.586455,39.795099,通州
通州 - 武夷花园水仙园,1,15.0,850.0,56.0,116.693775,39.914625,通州
通州 - 武夷花园紫荆园,2,59.0,3350.0,56.5,116.70201499999999,39.919616999999995,通州
通州 - 泉蔷佳苑,1,65.0,3800.0,58.0,116.66996699999999,39.881661,通州
通州 - 玉桥北里,1,60.0,3800.0,63.0,116.68141100000001,39.893941,通州
通州 - 瑞都国际,7,66.0,4342.857142857143,65.57142857142857,116.65583400000001,39.887432999999994,通州
通州 - 米拉小镇,1,50.0,2600.0,52.0,116.544926,39.759015999999995,通州
通州 - 红旗家属院,1,73.0,4500.0,61.0,116.65933700000001,39.904946,通州
通州 - 绣江南,1,63.0,4300.0,68.0,116.66003300000001,39.866257,通州
通州 - 翠屏南里,1,12.0,800.0,66.0,116.648528,39.883138,通州
通州 - 花涧溪,1,52.0,2900.0,55.0,116.670406,39.874394,通州
通州 - 苏荷时代,2,45.0,3000.0,66.0,116.645052,39.891529,通州
通州 - 葵花社,3,47.0,3016.6666666666665,61.333333333333336,116.64735900000001,39.89141,通州
通州 - 蓝调沙龙,3,51.666666666666664,3300.0,64.0,116.651357,39.886876,通州
通州 - 蓝调沙龙雅园,1,45.0,3100.0,68.0,116.651357,39.886876,通州
通州 - 西上园小区,1,22.0,1500.0,68.0,116.678357,39.903403000000004,通州
通州 - 西富河园,1,77.0,4300.0,55.0,116.634823,39.92820800000001,通州
通州 - 西西庄园,2,45.0,2950.0,65.0,116.645325,39.892548,通州
通州 - 财富东方,2,49.0,3300.0,67.0,116.651845,39.917446999999996,通州
通州 - 通典铭居,1,69.0,4200.0,60.0,116.634873,39.907496,通州
通州 - 通州杨庄小区,1,76.0,4100.0,53.0,116.634374,39.899402,通州
通州 - 通惠苑,1,55.0,3399.0,61.0,116.63972700000001,39.909193,通州
通州 - 金隅自由筑公寓,2,53.5,2900.0,53.5,116.696777,39.875397,通州
通州 - 鑫苑小区,1,15.0,800.0,53.0,116.63936899999999,39.898094,通州
通州 - 长城国际,4,54.0,3450.0,63.25,116.63268300000001,39.894255,通州
通州 - 阿尔法社区,1,78.0,4800.0,61.0,116.649101,39.87034,通州
通州 - 靓景明居,2,65.0,3500.0,53.0,116.63746100000002,39.883371999999994,通州
通州 - 龙湖蔚澜香醍,1,28.0,1800.0,64.0,116.648822,39.88454,通州
门头沟 - 中门寺小区,3,48.333333333333336,2800.0,57.666666666666664,116.09053300000001,39.931158,门头沟
门头沟 - 中门寺良实家园,1,45.0,2600.0,57.0,116.09205800000001,39.933651,门头沟
门头沟 - 中门花园二期,1,45.0,2600.0,57.0,116.085124,39.931365,门头沟
门头沟 - 丽景长安,1,60.0,3300.0,55.0,116.10902,39.905103999999994,门头沟
门头沟 - 京汉铂寓门头沟,3,65.33333333333333,3500.0,53.0,116.105296,39.932487,门头沟
门头沟 - 冯村信园,2,42.5,2850.0,67.0,116.10829299999999,39.908101,门头沟
门头沟 - 华远西山雅园,1,47.0,2800.0,59.0,116.098371,39.941639,门头沟
门头沟 - 大峪南路小区,1,55.0,3500.0,63.0,116.09868999999999,39.933881,门头沟
门头沟 - 峪园小区,1,65.0,3500.0,53.0,116.10202,39.930678,门头沟
门头沟 - 惠康嘉园,1,56.0,2900.0,51.0,116.118269,39.915135,门头沟
门头沟 - 惠民家园,3,56.0,3033.3333333333335,54.0,116.09494699999999,39.942615999999994,门头沟
门头沟 - 惠润嘉园,1,42.0,2700.0,64.0,116.1205,39.893438,门头沟
门头沟 - 滨河西区皓月园,1,45.0,2800.0,62.0,116.11107,39.934461,门头沟
门头沟 - 熙旺中心伴山御景,3,54.0,3433.3333333333335,63.666666666666664,116.11334800000002,39.935506,门头沟
门头沟 - 石泉砖厂,1,46.0,2400.0,52.0,116.094977,39.943018,门头沟
门头沟 - 石门营小区,4,46.5,2750.0,58.5,116.106466,39.888096999999995,门头沟
门头沟 - 石门营新一区,1,64.0,3500.0,54.0,116.106256,39.889495000000004,门头沟
门头沟 - 远洋新天地公寓,6,45.0,2616.6666666666665,58.0,116.49296299999999,39.912647,门头沟
门头沟 - 黑山东街,1,45.0,2600.0,57.0,116.0976,39.937915000000004,门头沟
门头沟 - 龙山家园,5,52.4,3060.0,58.8,116.096648,39.935175,门头沟
顺义 - 三山新新家园,3,74.33333333333333,4400.0,58.666666666666664,116.53533499999999,40.096641999999996,顺义
顺义 - 东亚创展国际,20,61.5,3915.0,63.3,116.55612799999999,40.11852199999999,顺义
顺义 - 东亚首航国际公寓,6,49.333333333333336,3050.0,61.833333333333336,116.59765500000002,40.129687999999994,顺义
顺义 - 中景江山赋,6,65.16666666666667,4200.0,63.666666666666664,116.55298799999998,40.110881,顺义
顺义 - 中铁花溪渡,1,20.0,1125.0,56.0,116.65649099999999,40.184992,顺义
顺义 - 义宾北区,3,56.0,3433.3333333333335,60.333333333333336,116.64906200000001,40.133226,顺义
顺义 - 仓上小区,2,42.5,2400.0,59.0,116.658569,40.113281,顺义
顺义 - 前进花园石门苑,1,72.0,4000.0,55.0,116.63171799999999,40.131431,顺义
顺义 - 北京苏活,2,56.5,3750.0,65.5,116.63148999999999,40.075671,顺义
顺义 - 南竺园,1,75.0,4500.0,60.0,116.59241599999999,40.041871,顺义
顺义 - 双裕东区,2,72.0,4400.0,60.5,116.556026,40.108852,顺义
顺义 - 双裕小区,1,75.0,4500.0,60.0,116.55431899999999,40.108349,顺义
顺义 - 合景香悦四季,3,33.0,1833.3333333333333,55.0,116.65634299999999,40.181329999999996,顺义
顺义 - 吉祥·雅筑,1,60.0,3500.0,58.0,116.539128,40.088989,顺义
顺义 - 吉祥花园,5,75.4,4740.0,62.4,116.553614,40.087073,顺义
顺义 - 吉祥雅筑,1,60.0,3800.0,63.0,116.539128,40.088989,顺义
顺义 - 名都园,1,78.0,5300.0,67.0,116.537552,40.070669,顺义
顺义 - 后街花园,4,69.75,4150.0,59.25,116.539341,40.106999,顺义
顺义 - 天恒花园,1,73.0,4500.0,61.0,116.560275,40.069057,顺义
顺义 - 天裕昕园,1,56.0,3100.0,55.0,116.527404,40.085328999999994,顺义
顺义 - 宝龙国际公寓,1,60.0,3500.0,58.0,116.55046100000001,40.095846,顺义
顺义 - 建新北区,1,40.0,2300.0,57.0,116.654397,40.123587,顺义
顺义 - 建新南区,5,48.6,2760.0,57.2,116.65511999999998,40.120438,顺义
顺义 - 当代北辰悦MOMA,2,51.5,2950.0,58.5,116.636622,40.137169,顺义
顺义 - 怡馨家园,2,50.0,2850.0,56.5,116.648131,40.119679,顺义
顺义 - 燕翔西里,2,54.0,3750.0,69.0,116.59128999999999,40.046191,顺义
顺义 - 红杉一品,1,70.0,4000.0,57.0,116.647081,40.123847,顺义
顺义 - 绿地启航国际(顺义),3,70.0,4066.6666666666665,58.0,116.556978,40.117131,顺义
顺义 - 翠竹新村,4,57.75,3400.0,58.5,116.564568,40.05795300000001,顺义
顺义 - 翼之城公寓,3,56.0,3566.6666666666665,63.333333333333336,116.641097,40.046207,顺义
顺义 - 聚通嘉园二期国展公馆,1,70.0,4200.0,60.0,116.539341,40.107981,顺义
顺义 - 裕祥花园,4,73.25,4400.0,59.5,116.547724,40.103499,顺义
顺义 - 西辛北区,3,55.333333333333336,3700.0,66.33333333333333,116.64340399999999,40.139844000000004,顺义
顺义 - 西辛南区,5,60.0,3620.0,60.4,116.643183,40.134071999999996,顺义
顺义 - 观林阁,4,60.0,3850.0,63.75,116.545022,40.102582,顺义
顺义 - 金地悦景台,5,60.0,3820.0,63.2,116.537989,40.103905,顺义
顺义 - 马可汇,2,65.0,3550.0,54.5,116.619295,40.132138,顺义
顺义 - 龙湖香醍漫步公寓,1,38.0,2200.0,57.0,116.66566499999999,40.206579,顺义
